id,split,language,query,expected_ids_draft,answer_mode,approved_ids,relevance_grades,reviewer,review_status,notes
P01-ko,development,ko,경주 동궁과 월지의 위치를 찾고 싶어요.,poi_9636,retrieve_location_only,,,,pending,
P01-en,development,en,Find the location of Donggung Palace and Wolji Pond.,poi_9636,retrieve_location_only,,,,pending,
P01-ja,development,ja,東宮と月池の場所を探してください。,poi_9636,retrieve_location_only,,,,pending,
P02-ko,development,ko,부산광역시에서 광안리해수욕장에 해당하는 장소 자료를 찾아줘.,poi_2356,retrieve_location_only,,,,pending,
P02-en,development,en,Find the place record for Gwangalli Beach in 부산광역시.,poi_2356,retrieve_location_only,,,,pending,
P02-ja,development,ja,부산광역시にある広安里海水浴場の場所情報を探してください。,poi_2356,retrieve_location_only,,,,pending,
P03-ko,development,ko,성산일출봉 [유네스코 세계자연유산]과 이름이 비슷한 숙소 대신 이 장소의 주소 자료를 보여줘.,poi_15398,retrieve_location_only,,,,pending,
P03-en,development,en,"Show the address record for Seongsan Ilchulbong, not accommodation with a similar name.",poi_15398,retrieve_location_only,,,,pending,
P03-ja,development,ja,似た名前の宿泊施設ではなく、城山日出峰の住所情報を見せてください。,poi_15398,retrieve_location_only,,,,pending,
P04-ko,development,ko,해운대해수욕장의 위치를 찾고 싶어요.,poi_2530,retrieve_location_only,,,,pending,
P04-en,development,en,Find the location of Haeundae Beach.,poi_2530,retrieve_location_only,,,,pending,
P04-ja,development,ja,海雲台海水浴場の場所を探してください。,poi_2530,retrieve_location_only,,,,pending,
P05-ko,development,ko,서울특별시에서 어니언 성수에 해당하는 장소 자료를 찾아줘.,media_2023_1601,retrieve_location_only,,,,pending,
P05-en,development,en,Find the place record for Onion Seongsu in 서울특별시.,media_2023_1601,retrieve_location_only,,,,pending,
P05-ja,development,ja,서울특별시にあるオニオン聖水の場所情報を探してください。,media_2023_1601,retrieve_location_only,,,,pending,
P06-ko,development,ko,곰솔마루과 이름이 비슷한 숙소 대신 이 장소의 주소 자료를 보여줘.,media_2023_1625,retrieve_location_only,,,,pending,
P06-en,development,en,"Show the address record for Gomsolmaru, not accommodation with a similar name.",media_2023_1625,retrieve_location_only,,,,pending,
P06-ja,development,ja,似た名前の宿泊施設ではなく、コムソルマルの住所情報を見せてください。,media_2023_1625,retrieve_location_only,,,,pending,
P07-ko,development,ko,N서울타워의 위치를 찾고 싶어요.,poi_874493,retrieve_location_only,,,,pending,
P07-en,development,en,Find the location of N Seoul Tower.,poi_874493,retrieve_location_only,,,,pending,
P07-ja,development,ja,Nソウルタワーの場所を探してください。,poi_874493,retrieve_location_only,,,,pending,
P08-ko,development,ko,서울특별시에서 창덕궁과 후원 [유네스코 세계유산]에 해당하는 장소 자료를 찾아줘.,poi_433,retrieve_location_only,,,,pending,
P08-en,development,en,Find the place record for Changdeokgung Palace and Secret Garden in 서울특별시.,poi_433,retrieve_location_only,,,,pending,
P08-ja,development,ja,서울특별시にある昌徳宮と後苑の場所情報を探してください。,poi_433,retrieve_location_only,,,,pending,
P09-ko,development,ko,도산서원(대전)과 이름이 비슷한 숙소 대신 이 장소의 주소 자료를 보여줘.,poi_1657,retrieve_location_only,,,,pending,
P09-en,development,en,"Show the address record for Dosan Seowon in Daejeon, not accommodation with a similar name.",poi_1657,retrieve_location_only,,,,pending,
P09-ja,development,ja,似た名前の宿泊施設ではなく、大田の道山書院の住所情報を見せてください。,poi_1657,retrieve_location_only,,,,pending,
P10-ko,development,ko,경주 첨성대의 위치를 찾고 싶어요.,poi_9672,retrieve_location_only,,,,pending,
P10-en,development,en,Find the location of Cheomseongdae in Gyeongju.,poi_9672,retrieve_location_only,,,,pending,
P10-ja,development,ja,慶州の瞻星台の場所を探してください。,poi_9672,retrieve_location_only,,,,pending,
P11-ko,development,ko,광주광역시에서 고수닭갈비 충장점에 해당하는 장소 자료를 찾아줘.,media_2023_1606,retrieve_location_only,,,,pending,
P11-en,development,en,Find the place record for Gosu Dakgalbi Chungjang in 광주광역시.,media_2023_1606,retrieve_location_only,,,,pending,
P11-ja,development,ja,광주광역시にあるコスダッカルビ忠壮店の場所情報を探してください。,media_2023_1606,retrieve_location_only,,,,pending,
P12-ko,development,ko,속초해수욕장과 이름이 비슷한 숙소 대신 이 장소의 주소 자료를 보여줘.,poi_5859,retrieve_location_only,,,,pending,
P12-en,development,en,"Show the address record for Sokcho Beach, not accommodation with a similar name.",poi_5859,retrieve_location_only,,,,pending,
P12-ja,development,ja,似た名前の宿泊施設ではなく、束草海水浴場の住所情報を見せてください。,poi_5859,retrieve_location_only,,,,pending,
P13-ko,development,ko,도산서원(무주)의 위치를 찾고 싶어요.,poi_12802,retrieve_location_only,,,,pending,
P13-en,development,en,Find the location of Dosan Seowon in Muju.,poi_12802,retrieve_location_only,,,,pending,
P13-ja,development,ja,茂朱の道山書院の場所を探してください。,poi_12802,retrieve_location_only,,,,pending,
P14-ko,development,ko,경상북도에서 대릉원에 해당하는 장소 자료를 찾아줘.,poi_874452,retrieve_location_only,,,,pending,
P14-en,development,en,Find the place record for Daereungwon in Gyeongju in 경상북도.,poi_874452,retrieve_location_only,,,,pending,
P14-ja,development,ja,경상북도にある慶州の大陵苑の場所情報を探してください。,poi_874452,retrieve_location_only,,,,pending,
P15-ko,development,ko,일산칼국수과 이름이 비슷한 숙소 대신 이 장소의 주소 자료를 보여줘.,media_2023_1622,retrieve_location_only,,,,pending,
P15-en,development,en,"Show the address record for Ilsan Kalguksu, not accommodation with a similar name.",media_2023_1622,retrieve_location_only,,,,pending,
P15-ja,development,ja,似た名前の宿泊施設ではなく、一山カルグクスの住所情報を見せてください。,media_2023_1622,retrieve_location_only,,,,pending,
P16-ko,holdout,ko,맛짱떡볶이의 위치를 찾고 싶어요.,media_2023_1626,retrieve_location_only,,,,pending,
P16-en,holdout,en,Find the location of Matjjang Tteokbokki.,media_2023_1626,retrieve_location_only,,,,pending,
P16-ja,holdout,ja,マッチャン トッポッキの場所を探してください。,media_2023_1626,retrieve_location_only,,,,pending,
P17-ko,holdout,ko,제주특별자치도에서 만장굴 (제주도 국가지질공원)에 해당하는 장소 자료를 찾아줘.,poi_15302,retrieve_location_only,,,,pending,
P17-en,holdout,en,Find the place record for Manjanggul Cave in 제주특별자치도.,poi_15302,retrieve_location_only,,,,pending,
P17-ja,holdout,ja,제주특별자치도にある万丈窟の場所情報を探してください。,poi_15302,retrieve_location_only,,,,pending,
P18-ko,holdout,ko,궁전제과 충장점과 이름이 비슷한 숙소 대신 이 장소의 주소 자료를 보여줘.,media_2023_1607,retrieve_location_only,,,,pending,
P18-en,holdout,en,"Show the address record for Gungjeon Bakery Chungjang, not accommodation with a similar name.",media_2023_1607,retrieve_location_only,,,,pending,
P18-ja,holdout,ja,似た名前の宿泊施設ではなく、宮殿製菓忠壮店の住所情報を見せてください。,media_2023_1607,retrieve_location_only,,,,pending,
P19-ko,holdout,ko,마돈의 위치를 찾고 싶어요.,media_2023_1596,retrieve_location_only,,,,pending,
P19-en,holdout,en,Find the location of Madon.,media_2023_1596,retrieve_location_only,,,,pending,
P19-ja,holdout,ja,マドンの場所を探してください。,media_2023_1596,retrieve_location_only,,,,pending,
P20-ko,holdout,ko,경상남도에서 통영케이블카에 해당하는 장소 자료를 찾아줘.,poi_11993,retrieve_location_only,,,,pending,
P20-en,holdout,en,Find the place record for Tongyeong Cable Car in 경상남도.,poi_11993,retrieve_location_only,,,,pending,
P20-ja,holdout,ja,경상남도にある統営ケーブルカーの場所情報を探してください。,poi_11993,retrieve_location_only,,,,pending,
P21-ko,holdout,ko,감천문화마을과 이름이 비슷한 숙소 대신 이 장소의 주소 자료를 보여줘.,media_2023_1608,retrieve_location_only,,,,pending,
P21-en,holdout,en,"Show the address record for Gamcheon Culture Village, not accommodation with a similar name.",media_2023_1608,retrieve_location_only,,,,pending,
P21-ja,holdout,ja,似た名前の宿泊施設ではなく、甘川文化村の住所情報を見せてください。,media_2023_1608,retrieve_location_only,,,,pending,
P22-ko,holdout,ko,마치래빗 샐러드 신사동가로수길본점의 위치를 찾고 싶어요.,media_2023_1627,retrieve_location_only,,,,pending,
P22-en,holdout,en,Find the location of March Rabbit Salad Sinsa Garosugil.,media_2023_1627,retrieve_location_only,,,,pending,
P22-ja,holdout,ja,マーチラビットサラダ新沙カロスキルの場所を探してください。,media_2023_1627,retrieve_location_only,,,,pending,
P23-ko,holdout,ko,서울특별시에서 서울역사박물관에 해당하는 장소 자료를 찾아줘.,poi_650,retrieve_location_only,,,,pending,
P23-en,holdout,en,Find the place record for Seoul Museum of History in 서울특별시.,poi_650,retrieve_location_only,,,,pending,
P23-ja,holdout,ja,서울특별시にあるソウル歴史博物館の場所情報を探してください。,poi_650,retrieve_location_only,,,,pending,
P24-ko,holdout,ko,낙산사과 이름이 비슷한 숙소 대신 이 장소의 주소 자료를 보여줘.,poi_5568,retrieve_location_only,,,,pending,
P24-en,holdout,en,"Show the address record for Naksansa Temple, not accommodation with a similar name.",poi_5568,retrieve_location_only,,,,pending,
P24-ja,holdout,ja,似た名前の宿泊施設ではなく、洛山寺の住所情報を見せてください。,poi_5568,retrieve_location_only,,,,pending,
P25-ko,holdout,ko,남산골한옥마을의 위치를 찾고 싶어요.,poi_70,retrieve_location_only,,,,pending,
P25-en,holdout,en,Find the location of Namsangol Hanok Village.,poi_70,retrieve_location_only,,,,pending,
P25-ja,holdout,ja,南山コル韓屋村の場所を探してください。,poi_70,retrieve_location_only,,,,pending,
P26-ko,holdout,ko,부산광역시에서 국제통닭 부평본점에 해당하는 장소 자료를 찾아줘.,media_2023_1612,retrieve_location_only,,,,pending,
P26-en,holdout,en,Find the place record for Gukje Chicken Bupyeong in 부산광역시.,media_2023_1612,retrieve_location_only,,,,pending,
P26-ja,holdout,ja,부산광역시にある国際チキン富平本店の場所情報を探してください。,media_2023_1612,retrieve_location_only,,,,pending,
P27-ko,holdout,ko,삼송초밥과 이름이 비슷한 숙소 대신 이 장소의 주소 자료를 보여줘.,media_2023_1610,retrieve_location_only,,,,pending,
P27-en,holdout,en,"Show the address record for Samsong Sushi, not accommodation with a similar name.",media_2023_1610,retrieve_location_only,,,,pending,
P27-ja,holdout,ja,似た名前の宿泊施設ではなく、サムソン寿司の住所情報を見せてください。,media_2023_1610,retrieve_location_only,,,,pending,
P28-ko,holdout,ko,국립중앙박물관의 위치를 찾고 싶어요.,poi_874496,retrieve_location_only,,,,pending,
P28-en,holdout,en,Find the location of National Museum of Korea.,poi_874496,retrieve_location_only,,,,pending,
P28-ja,holdout,ja,国立中央博物館の場所を探してください。,poi_874496,retrieve_location_only,,,,pending,
P29-ko,holdout,ko,강원특별자치도에서 오죽헌시립박물관에 해당하는 장소 자료를 찾아줘.,poi_841681,retrieve_location_only,,,,pending,
P29-en,holdout,en,Find the place record for Ojukheon Municipal Museum in 강원특별자치도.,poi_841681,retrieve_location_only,,,,pending,
P29-ja,holdout,ja,강원특별자치도にある烏竹軒市立博物館の場所情報を探してください。,poi_841681,retrieve_location_only,,,,pending,
P30-ko,holdout,ko,독립기념관과 이름이 비슷한 숙소 대신 이 장소의 주소 자료를 보여줘.,poi_840775,retrieve_location_only,,,,pending,
P30-en,holdout,en,"Show the address record for Independence Hall in Cheonan, not accommodation with a similar name.",poi_840775,retrieve_location_only,,,,pending,
P30-ja,holdout,ja,似た名前の宿泊施設ではなく、天安の独立記念館の住所情報を見せてください。,poi_840775,retrieve_location_only,,,,pending,
N01-ko,development,ko,달에 있는 KRIDE 달빛박물관 주소를 알려줘.,,abstain_no_place,,,,pending,
N01-en,development,en,Find KRIDE Moonlight Museum on the Moon.,,abstain_no_place,,,,pending,
N01-ja,development,ja,月にあるKRIDE月光博物館の住所を教えて。,,abstain_no_place,,,,pending,
N02-ko,holdout,ko,서울의 가상장소 PILOT-NO-PLACE-002를 찾아줘.,,abstain_no_place,,,,pending,
N02-en,holdout,en,Find the fictional place PILOT-NO-PLACE-002 in Seoul.,,abstain_no_place,,,,pending,
N02-ja,holdout,ja,ソウルの架空施設PILOT-NO-PLACE-002を探して。,,abstain_no_place,,,,pending,
N03-ko,development,ko,부산의 가상장소 PILOT-NO-PLACE-003을 찾아줘.,,abstain_no_place,,,,pending,
N03-en,development,en,Find fictional PILOT-NO-PLACE-003 in Busan.,,abstain_no_place,,,,pending,
N03-ja,development,ja,釜山の架空施設PILOT-NO-PLACE-003を探して。,,abstain_no_place,,,,pending,
N04-ko,holdout,ko,제주의 가상장소 PILOT-NO-PLACE-004를 찾아줘.,,abstain_no_place,,,,pending,
N04-en,holdout,en,Find fictional PILOT-NO-PLACE-004 in Jeju.,,abstain_no_place,,,,pending,
N04-ja,holdout,ja,済州の架空施設PILOT-NO-PLACE-004を探して。,,abstain_no_place,,,,pending,
N05-ko,development,ko,수성에 있는 한국민속촌 주소를 알려줘.,,abstain_no_place,,,,pending,
N05-en,development,en,Find a Korean Folk Village located on Mercury.,,abstain_no_place,,,,pending,
N05-ja,development,ja,水星にある韓国民俗村の住所を教えて。,,abstain_no_place,,,,pending,
N06-ko,holdout,ko,N서울타워의 지금 입장료가 정확히 얼마인지 확정해줘.,,abstain_unsupported_claim,,,,pending,
N06-en,holdout,en,Confirm the exact current admission price of N Seoul Tower.,,abstain_unsupported_claim,,,,pending,
N06-ja,holdout,ja,Nソウルタワーの現在の正確な入場料を確定して。,,abstain_unsupported_claim,,,,pending,
N07-ko,development,ko,어니언 성수의 오늘 영업 종료 시간을 확정해줘.,,abstain_unsupported_claim,,,,pending,
N07-en,development,en,Confirm when Onion Seongsu closes today.,,abstain_unsupported_claim,,,,pending,
N07-ja,development,ja,オニオン聖水の本日の閉店時間を確定して。,,abstain_unsupported_claim,,,,pending,
N08-ko,holdout,ko,내일 경복궁 입장권 예약이 가능한지 확정해줘.,,abstain_unsupported_claim,,,,pending,
N08-en,holdout,en,Confirm ticket availability for Gyeongbokgung tomorrow.,,abstain_unsupported_claim,,,,pending,
N08-ja,holdout,ja,明日の景福宮の予約可否を確定して。,,abstain_unsupported_claim,,,,pending,
N09-ko,development,ko,지금 BTS 멤버가 있는 카페 위치를 알려줘.,,abstain_unsupported_claim,,,,pending,
N09-en,development,en,Tell me which cafe a BTS member is at right now.,,abstain_unsupported_claim,,,,pending,
N09-ja,development,ja,今BTSのメンバーがいるカフェの場所を教えて。,,abstain_unsupported_claim,,,,pending,
N10-ko,holdout,ko,공식 근거 없이 무료라고 확정한 여행지를 추천해줘.,,abstain_unsupported_claim,,,,pending,
N10-en,holdout,en,Recommend a place guaranteed free without an official price source.,,abstain_unsupported_claim,,,,pending,
N10-ja,holdout,ja,公式料金の根拠なしで必ず無料の観光地を推薦して。,,abstain_unsupported_claim,,,,pending,
